102,2017,1,2400,-.781,3.198,-5.681,86.7,100,49.47,-2.96,.547,-7.18,1.778,6.0622,11628,-32.91,1019,.859,.601,271.2,33.44,9.9,1.888,2.033,1.741,13.44,4970
102,2017,2,2400,-2.13,2.009,-6.783,80.8,96,53.6,-5.205,-1.307,-7.53,0,3.9468,8310.6,-12.18,1031,1.192,.893,83,40.16,4.802,2.069,2.174,1.967,12.77,4970
102,2017,3,2400,1.527,2.611,.007,95.2,97.6,88.1,.846,2.178,-1.529,12.7,1.3942,3036.2,-4.451,1014,3.133,2.784,77.3,26.98,15.19,2.203,2.283,2.104,13.51,4970
102,2017,4,2400,.954,4.099,-4.346,91.7,99.9,56.36,-.36,3.774,-10.15,2.032,1.9733,3750,-14.73,997,1.662,1.299,271.4,37.62,9.7,2.173,2.272,2.083,13.45,4970
102,2017,5,2400,-5.218,-2.331,-7.54,58.39,75,37.5,-12.28,-8.72,-15.31,0,7.3562,14234,-21.46,1008,2.146,1.872,261.7,28.63,11.76,1.943,2.258,1.664,13.53,4970
102,2017,6,2400,-6.287,-2.31,-10.94,67.42,95.3,38.39,-11.66,-6.726,-15.54,.508,4.7509,9571.6,-45.44,1016,.967,.782,283.2,33.51,6.86,1.546,1.726,1.412,13.44,4970
102,2017,7,2400,-9.83,-7.89,-11.68,80,92,55.71,-12.75,-10.66,-15.51,2.54,1.0752,2326.1,-15.4,1021,.954,.702,5.143,39.79,6.272,1.294,1.471,1.158,13.77,4970
102,2017,8,2400,-12.37,-7.33,-16.32,76.6,90.8,49.24,-15.85,-11.84,-18.64,1.016,3.1621,6063.1,-34.18,1021,1.034,.82,292.2,34.08,9.02,1.141,1.22,1.065,13.6,4970
102,2017,9,2400,-13.33,-8.67,-19.18,71.2,86.9,49.58,-17.65,-14.16,-21.36,1.27,2.6768,5500.7,-31.05,1033,1.244,.84,218.6,44.51,7.35,1.063,1.128,1.001,13.67,4970
102,2017,10,2400,-5.062,4.5,-13.51,81.7,97.2,62.16,-7.76,3.105,-15.71,.508,4.5998,10624,-22.42,1031,2.174,1.883,172.7,29.06,11.96,1.008,1.066,.956,13.51,4970
102,2017,11,2400,5.841,10.38,3.432,73.5,96.5,46.17,1.196,4.427,-1.429,6.35,7.8223,15585,18.73,1022,3.012,2.615,206,29.41,19.31,.936,1.031,.865,13.25,4970
102,2017,12,2400,8.45,10.75,3.098,97.8,99.3,93.4,8.13,10.52,2.245,7.37,2.3824,4970.6,10.27,1016,2.706,2.402,210.1,27.14,10.78,1.581,2.922,.889,13.31,4970
102,2017,13,2400,.877,10.23,-7.65,58.7,98.2,25.51,-7.14,9.93,-19.05,.254,8.6674,17374,-7.97,1026,2.687,2.275,285,31.63,14.21,2.956,3.154,2.561,13.34,4970
102,2017,14,2400,-6.934,-3.175,-12.25,54.45,81.2,25.84,-14.84,-8.27,-20.32,0,6.7202,13431,.277,1031,1.309,.838,236.8,47.05,7.64,1.853,2.619,1.414,13.52,4970
102,2017,15,2400,-4.552,1.415,-8.44,71,97.2,35.04,-9.56,-7.55,-12.55,0,9.1372,18068,-5.764,1023,1.004,.585,299.7,50.7,9.02,1.276,1.493,1.108,13.39,4970
102,2017,16,2400,-3.382,3.484,-9.41,68.25,95.4,42.02,-8.85,-7.09,-10.87,0,9.6564,19024,4.352,1026,1.196,.824,241.5,43.68,6.958,1.038,1.176,.927,13.37,4970
102,2017,17,2400,-.021,5.119,-4.612,68.28,99.4,34.22,-5.864,.08,-11.1,6.858,5.4181,11156,1.269,1020,1.305,.781,97.3,49.76,7.74,.922,.995,.85,13.36,4970
102,2017,18,2400,-.352,.441,-1.296,99.7,100,98.7,-.399,.374,-1.296,2.54,1.7466,3930,-11.67,1015,1.671,1.381,71.7,33.1,8.23,.878,.92,.833,13.55,4970
102,2017,19,2400,1.127,4.986,-1.396,92.6,100,74.9,.008,2.988,-1.396,0,5.8167,10832,2.449,1015,.745,.426,281.6,49.15,6.174,.872,.921,.822,13.35,4970
102,2017,20,2400,.24,1.276,-1.227,87.4,98.9,79.9,-1.627,-.082,-2.53,0,2.0623,4369.2,2.544,1015,.782,.398,178.3,54.52,6.076,.883,.938,.83,13.51,4970
102,2017,21,2400,3.795,9.64,.174,93.7,100,74.3,2.799,6.934,-.253,0,5.1647,10880,18.74,1009,1.17,.902,242.1,38.33,6.37,1,1.298,.866,13.27,4970
102,2017,22,2400,2.918,5.702,.14,98.4,99.7,92.4,2.694,5.046,-.066,.762,1.872,4029.8,7.63,1010,1.786,1.554,77.1,28.12,10.49,1.596,2.09,1.226,13.42,4970
102,2017,23,2400,-1.53,.341,-2.318,91.6,98.7,84.1,-2.723,.153,-3.921,2.794,2.4867,5173.8,3.519,1012,3.251,2.844,65.11,28.64,12.45,1.959,2.075,1.85,13.58,4970
102,2017,24,2400,-.825,.541,-2.419,93.6,99.5,88.6,-1.728,.4,-3.743,14.22,1.8429,4220.5,-5.252,996,3.55,2.735,50.66,38.7,18.91,1.775,1.915,1.699,13.57,4970
102,2017,25,2400,.437,3.518,-2.085,83.5,99.1,59.84,-2.143,.396,-4.497,0,6.7517,13852,7.68,999,2.209,1.897,277.5,30.39,14.7,1.787,1.87,1.704,13.4,4970
102,2017,26,2400,2.99,7.89,.574,81.2,97.5,52.29,-.046,3.68,-4.268,1.524,4.8319,9938,9.29,994,1.841,1.389,247.4,39.84,10.98,1.907,2.026,1.808,13.34,4970
102,2017,27,2400,.967,3.732,-.728,59.19,81.6,40.43,-6.257,-2.454,-9.84,0,5.5341,11296,13.61,997,3.118,2.812,267.3,25.35,13.72,2.011,2.183,1.882,13.4,4970
102,2017,28,2400,-.907,.574,-2.953,62.28,71.2,52.96,-7.24,-5.877,-9.06,0,2.9245,6044.3,-4.329,999,2.203,1.975,263.9,26.08,12.15,1.811,2.072,1.692,13.54,4970
102,2017,29,2400,-1.69,2.297,-4.111,64.47,80.2,42.73,-7.69,-4.788,-11.64,0,5.7841,11565,-1.938,1004,1.484,1.221,250.1,32.93,7.45,1.543,1.754,1.424,13.43,4970
102,2017,30,2400,-5.295,-1.242,-9.41,59.27,79.8,39.64,-12.21,-8.86,-15.39,0,7.7914,15564,-9.64,1006,1.405,1.078,284.5,37.62,9.9,1.263,1.491,1.096,13.45,4970
102,2017,31,2400,-7.63,-4.767,-12.01,77.3,92.9,47.79,-11.09,-6.732,-15.61,.508,6.1691,12375,2.343,1010,1.156,.411,207.4,63.74,6.86,1.01,1.165,.891,13.59,4970
102,2017,32,2400,-2.839,2.733,-5.881,82.5,97.9,56.38,-5.564,-2.273,-9.03,.254,4.2162,8503.2,-18.23,1011,1.306,.937,236.7,42.44,7.25,.9,.958,.84,13.47,4970
102,2017,33,2400,-3.5,1.396,-7.27,61.36,85.3,35.5,-10.16,-6.01,-13.76,0,7.2634,14621,-12.01,1015,1.911,1.655,270.8,29.07,12.35,.845,.912,.779,13.46,4970
102,2017,34,2400,-6.408,-1.496,-10.91,56.4,80.6,36.57,-13.93,-11.68,-15.73,0,8.9194,17413,.277,1017,1.751,1.511,273,29.83,8.62,.76,.851,.68,13.51,4970
102,2017,35,2400,-7.19,-.938,-12.08,60.02,84.7,33.92,-14.01,-11.88,-16.55,0,11.654,22645,12.81,1021,1.739,1.475,272.7,30.88,9.7,.672,.748,.6,13.48,4970
102,2017,36,2400,-2.183,1.729,-6.941,55.62,68.09,41.73,-9.92,-5.463,-14.16,0,7.0692,14125,17.15,1012,2.519,2.054,238,34.76,12.64,.6,.667,.542,13.46,4970
102,2017,37,2400,-2.133,.541,-4.446,47.84,62.75,31.68,-11.87,-5.948,-15.51,0,10.539,21191,26.47,1015,2.679,2.243,279.2,32.31,14.11,.571,.616,.525,13.39,4970
102,2017,38,2400,-3.071,-1.817,-4.189,83.8,98.6,54.99,-5.73,-2.665,-10.13,7.62,1.3972,3270.7,4.367,1013,2.886,2.615,82.1,24.83,13.23,.559,.597,.517,13.62,4970
102,2017,39,2400,.585,7.09,-4.857,83.1,99.9,46.55,-2.304,4.931,-5.111,5.334,9.2956,17689,6.218,1004,1.128,.776,293.9,37.62,11.27,.56,.603,.516,13.35,4970
102,2017,40,2400,-7.28,-.949,-15.02,88.4,97.2,72.6,-8.95,-4.196,-17.17,10.92,1.0862,2533.5,-12.14,1003,2.126,1.634,327.3,38.64,14.7,.56,.597,.517,13.62,4970
102,2017,41,2400,-11.34,-5.336,-18.18,64.54,88.6,31.99,-17.32,-11.41,-20.12,2.032,13.208,25756,-18.2,1015,2.212,1.726,279.1,37.59,16.17,.571,.614,.526,13.6,4970
102,2017,42,2400,-8.21,-5.191,-10.62,92,95.6,87.7,-9.28,-6.295,-11.86,6.35,3.0405,6461.7,-2.76,1015,1.413,.995,81.2,43.14,6.958,.585,.627,.542,13.65,4970
102,2017,43,2400,-6.121,-2.586,-10.35,96.3,99.3,90.9,-6.609,-2.702,-11.26,13.46,1.8279,4247.3,-.456,1013,1.746,1.411,65.82,35.11,7.15,.6,.641,.554,13.63,4970
102,2017,44,2400,-5.45,-2.999,-7.35,85.1,97.9,65.17,-7.7,-4.458,-11.37,3.81,2.4473,5018.6,-50.61,1003,2.647,2.215,309.3,32.57,17.64,.613,.655,.571,13.57,4970
102,2017,45,2400,-4.136,2.288,-11.44,63.04,90.7,37.38,-10.48,-6.128,-13.08,0,13.378,26552,-19.75,1010,1.578,.878,249.3,53.01,8.33,.628,.673,.581,13.43,4970
102,2017,46,2400,.201,5.502,-2.686,90.1,99.7,68.9,-1.299,1.389,-6.428,1.016,4.7542,9865.1,-.616,997,1.755,.899,179.3,56.12,7.64,.643,.687,.598,13.44,4970
102,2017,47,2400,-2.947,-.7,-7.68,69.48,92.9,51.99,-7.87,-1.78,-12.44,0,7.0022,13729,-24.8,996,2.652,2.328,288.3,28.25,10.98,.658,.702,.611,13.52,4970
102,2017,48,2400,-4.374,3.217,-10.77,58.3,82.3,28.73,-12.06,-9.79,-14.06,0,14.478,28242,-16.51,1005,1.733,1.478,280.7,30.26,10.68,.676,.72,.625,13.35,4970
102,2017,49,2400,2.275,9.44,-6.271,53.6,73.2,33.99,-6.607,-.524,-10.53,0,12.49,25392,-3.228,1005,1.933,1.668,226.1,29.57,8.72,.698,.748,.648,13.22,4970
102,2017,50,2400,7.64,14.52,3.279,58.54,82.5,31.28,-.402,1.634,-3.43,0,10.577,21122,-1.899,1007,1.911,1.673,271.9,28.23,10.09,.72,.766,.674,13.12,4970
102,2017,51,2400,1.728,5.535,-3.81,48.75,75.5,25.25,-8.56,-1.276,-14.5,0,15.05,29385,-16.93,1020,1.538,1.2,334.4,37.19,10.09,.739,.784,.688,13.23,4970
102,2017,52,2400,-.228,6.239,-7.34,52.08,80,27.92,-9.65,-2.229,-13.35,0,12.42,24646,1.123,1024,1.436,.894,206.3,48.25,7.45,.772,.824,.711,13.25,4970
102,2017,53,2400,5.981,14.01,.24,71.2,95.3,45.31,.677,2.774,-2.386,0,13.008,26480,8.29,1014,1.199,.919,228.4,37.94,6.37,.807,.861,.752,13.11,4970
102,2017,54,2400,9.83,18.08,3.398,74.4,97.2,44.17,5.094,8.96,1.076,0,14.357,29049,22.49,1010,1.83,1.571,209.9,29.8,9.8,.804,.88,.716,13.08,4970
102,2017,55,2400,13.1,20.29,6.588,81.4,99.3,48.33,9.53,12.33,6.293,.254,13.189,27263,67.48,1012,2.182,1.788,202.5,33.67,11.96,1.326,2.698,.728,13.05,4970
102,2017,56,2400,13.03,18.75,2.931,89.1,99.8,60.38,11.14,13.66,2.434,14.22,6.7313,14277,33.37,1006,3.147,2.364,190.7,40.4,12.05,4.191,5.691,2.636,13.12,4970
102,2017,57,2400,-.514,3.131,-4.211,60.77,96.5,37.11,-7.45,2.619,-12.2,0,11.855,23404,37.11,1010,3.06,2.714,277.4,27.21,15.19,4.693,5.581,4.016,13.4,4970
102,2017,58,2400,2.181,10.54,-4.545,51.63,76.8,23.79,-7.73,-3.533,-9.92,0,15.03,29424,37.21,1024,2.169,1.866,237.1,30.03,11.56,3.423,4.073,2.759,13.23,4970
102,2017,59,2400,6.39,13.92,-1.684,70.4,99.1,32.82,.736,8.29,-4.24,0,12.082,24228,56.31,1025,1.661,1.325,148.6,36.01,8.33,3.732,4.893,2.853,13.13,4970
102,2017,60,2400,11.32,13.98,8.16,97.1,100,84.3,10.87,13.25,8.03,0,2.5859,5553.7,4.301,1002,3.152,2.794,204.9,27.31,13.13,5.408,6.233,4.821,13.25,4970
102,2017,61,2400,1.503,12.54,-5.781,56.21,88.6,35.76,-6.587,10.02,-16.25,0,13.506,26653,40.99,1002,3.704,3.231,272.8,28.94,18.62,5.868,6.229,4.986,13.3,4970
102,2017,62,2400,-5.429,.06,-10.68,48.11,86.2,21.3,-15.52,-7.71,-19.99,0,15.902,30824,43.04,1020,2.385,2.06,278.9,29.66,12.54,3.913,5.049,3.326,13.42,4970
102,2017,63,2400,-12.25,-8.4,-15.65,39.12,58.77,22.32,-23.66,-17.11,-27.13,0,14.613,27791,27.85,1027,2.884,2.429,303.9,32.11,13.13,2.595,3.519,2.017,13.66,4970
102,2017,64,2400,-9.98,-2.765,-16.68,30.38,49.28,16.7,-24.88,-22.07,-27.15,0,17.804,33893,43.87,1030,2.435,2.019,313.2,33.29,11.56,1.634,2.07,1.331,13.51,4970
102,2017,65,2400,-3.089,6.405,-12.41,26.2,48.49,9.68,-21.12,-13.21,-25.81,0,16.609,32355,59.34,1030,1.358,.427,270.8,66.21,7.25,1.213,1.398,1.052,13.27,4970
102,2017,66,2400,3.244,6.955,-.461,81.5,99.5,34,.062,6.876,-13.9,.762,2.754,6055.8,10.79,1023,2.349,2.14,175.1,24.16,7.74,1.073,1.298,.994,13.4,4970
102,2017,67,2400,7.89,12.73,2.798,66.73,99.6,20.68,.802,9.21,-9.93,1.27,12.928,25393,56.47,1011,2.526,1.81,244.3,42.78,12.35,2.573,3.874,1.241,13.19,4970
102,2017,68,2400,3.554,6.543,-1.517,39.07,60.26,24.79,-9.42,-3.144,-13.1,0,17.389,33874,57.25,1012,3.511,3.124,275.3,26.86,16.86,3.433,4.142,2.765,13.29,4970
102,2017,69,2400,-3.171,-.16,-9.85,62.28,93.7,33.68,-9.78,-3.62,-20.34,.508,3.6747,7648.9,-31.84,1009,1.923,1.509,274.9,36.93,12.54,2.952,3.609,2.601,13.54,4970
102,2017,70,2400,-12.44,-8.83,-16.42,43.04,89.9,28.47,-22.73,-12.54,-29.22,.254,16.159,30863,32.77,1014,3.609,3.162,285.6,28.48,18.72,1.967,2.654,1.553,13.7,4970
102,2017,71,2400,-11.35,-5.203,-16.62,40.29,51.55,25.11,-22.44,-18.91,-26.08,0,18.514,35334,54,1021,2.822,2.487,279.6,27.87,10.88,1.299,1.611,1.084,13.6,4970
102,2017,72,2400,-7.52,-.18,-14.38,39.87,63.65,19.39,-19.63,-13.97,-21.95,0,17.404,33830,59.38,1026,1.457,.718,283.7,57.28,7.25,.996,1.142,.868,13.4,4970
102,2017,73,2400,-5.258,-3.087,-8.22,88.7,98.2,41.1,-7.15,-3.412,-16.14,20.07,1.5273,3914.9,-2.336,1002,3.411,2.014,49.26,51.77,17.84,.867,.94,.805,13.66,4970
102,2017,74,2400,-9.21,-5.169,-12.78,74.5,94.2,50.79,-13.08,-8.87,-14.84,1.016,13.629,26758,-12.08,996,2.608,2.352,266,25.35,10.58,.822,.873,.771,13.58,4970
102,2017,75,2400,-6.093,-.708,-11.84,52.78,87.9,27.01,-14.78,-12.46,-18.06,0,18.694,36517,-3.348,1009,2.614,2.327,276,26.77,11.76,.804,.85,.759,13.45,4970
102,2017,76,2400,-2.762,4.604,-9.21,42.66,72.4,19.55,-14.6,-10.18,-18.25,1.016,20.371,39355,-1.818,1019,1.735,1.267,280.1,41.95,9.6,.799,.843,.753,13.23,4970
102,2017,77,2400,-2.339,4.37,-7.94,52.32,75.5,30.33,-11.18,-6.738,-14.72,0,18.218,35490,5.088,1024,2.367,2.013,84.1,31.31,9.21,.799,.845,.756,13.27,4970
102,2017,78,2400,-.82,4.437,-3.888,63.85,81.2,34.83,-7.16,-5.047,-10.13,0,12.631,25161,4.19,1021,1.645,1.302,40.52,36.66,8.33,.806,.852,.762,13.29,4970
102,2017,79,2400,2.393,10.29,-4.277,39.1,62.61,13.74,-11.17,-6.233,-17,0,19.416,37673,14.2,1017,1.3,.987,331.2,38.49,7.64,.828,.879,.772,13.13,4970
102,2017,80,2400,4.114,11.16,-.982,48.74,79.5,32.79,-6.013,-1.91,-11.91,0,14.72,29458,15.63,1010,1.318,1.016,281.2,37.35,9.41,.862,.923,.8,13.17,4970
102,2017,81,2400,-4.77,1.39,-11.18,47.17,94.7,23.37,-15.06,-3.104,-23.51,.254,19.621,37453,4.479,1015,2.982,2.478,299.8,33.22,15.19,.922,.994,.849,13.45,4970
102,2017,82,2400,-5.39,1.482,-11.64,34.4,62.56,18.89,-19.2,-10.62,-22.62,0,21.64,41404,12.87,1029,1.923,1.508,295,36.6,10,.954,1.005,.893,13.35,4970
102,2017,83,2400,.329,4.4,-4.879,61.79,98.1,29.23,-6.637,-.491,-17.97,1.016,3.3416,7389.6,1.641,1023,2.054,1.609,212.4,37.42,11.66,.93,.97,.884,13.49,4970
102,2017,84,2400,1.748,4.4,-2.218,89.4,98.9,72.5,.145,2.254,-3.194,3.048,3.1016,6823.9,-14.56,1023,.845,.491,357.8,50.47,4.606,.95,1.012,.893,13.43,4970
102,2017,85,2400,-.448,2.597,-4.612,74.1,98.1,50.54,-4.774,-2.427,-7.79,0,8.3687,17352,6.543,1030,1.574,1.278,100.3,34.4,7.06,1.039,1.133,.948,13.45,4970
102,2017,86,2400,1.174,4.333,-1.129,97.6,100,84.8,.838,3.623,-2.678,15.24,4.6858,10193,8.02,1019,1.179,.879,85.5,39.8,5.586,1.122,1.176,1.063,13.41,4970
102,2017,87,2400,2.437,6.287,.574,98,100,85.8,2.146,4.316,.575,12.95,5.9053,12623,25.55,1015,1.161,.897,89.7,37.65,4.802,1.165,1.223,1.094,9.96,4970
102,2017,88,2400,2.485,7.32,-2.185,74.5,100,44.85,-1.923,2.725,-7.02,0,13.192,25588,46.85,1018,1.787,1.407,325.6,36.62,10,1.251,1.333,1.145,13.29,4970
102,2017,89,2400,2.416,8.11,-2.915,51.44,83.2,27.32,-7.16,-2.386,-10.9,0,20.257,39371,91.5,1021,1.248,.678,345.8,53.79,7.25,1.351,1.726,1.082,13.17,4970
102,2017,90,2400,-.088,2.712,-1.959,89.9,100,43.48,-1.77,0,-8.79,20.83,3.0594,6547,-7.53,1018,2.084,1.788,86.5,30.39,10.88,1.658,1.72,1.589,13.52,4970
102,2017,91,2400,-.429,.294,-1.426,100,100,100,-.429,.294,-1.427,13.97,5.4133,11394,-23.52,1012,1.779,1.304,43.82,40.72,12.35,1.664,1.72,1.615,13.49,4970
102,2017,92,2400,4.092,12.49,-.728,72.4,100,29.31,-1.548,2.645,-5.926,0,20.603,38161,39.39,1016,1.407,.952,308.1,44.42,9.21,1.661,1.724,1.604,13.19,4970
102,2017,93,2400,6.875,14.34,-1.016,53.23,80.9,31.64,-2.583,1.275,-6.066,0,19.333,38334,77.6,1017,1.228,.291,193.5,69.53,6.566,1.664,1.917,1.481,13.08,4970
102,2017,94,2400,2.885,6.895,1.376,95.1,99.5,55.71,2.119,4.542,-1.6,18.54,3.3098,7137,7.45,1008,2.865,2.353,95.2,34.14,13.62,2.175,2.498,1.846,13.42,4970
102,2017,95,2400,3.914,9.07,.307,88.7,100,67.42,2.101,4.703,.308,0,9.3946,19098,56,1013,1.315,.83,71,48.29,6.664,3.024,4.097,2.298,13.26,4970
102,2017,96,2400,2.038,6.937,.641,98,99.8,94.2,1.759,6.887,.49,16.26,2.3571,5508.9,5.57,1004,3.213,2.551,88.8,36.72,13.62,3.47,3.985,3.23,13.46,4970
102,2017,97,2400,4.952,7.52,.341,85.7,98.8,63.74,2.706,6.161,-1.449,.508,7.9152,16152,20.63,993,2.667,2.086,226.9,37.8,10.29,3.858,4.54,3.233,13.35,4970
102,2017,98,2400,3.021,7.85,-.494,60.18,88.1,38.6,-4.332,-1.236,-6.682,0,15.058,29590,75.3,1006,2.479,2.125,283.9,30.53,12.45,4.208,4.909,3.528,13.29,4970
102,2017,99,2400,8.4,18.56,-2.018,44.41,83,12.23,-5.222,-1.419,-11.68,0,24.223,47086,114.6,1019,1.333,.829,256.7,47.58,7.35,4.867,6.521,3.446,13.04,4970
102,2017,100,2400,15.6,24.64,7.83,35.72,54.01,17.66,-.251,5.154,-4.246,0,20.633,40721,94.5,1019,2.465,2.175,213.2,27.72,11.27,6.516,8,5.241,12.98,4970
102,2017,101,2400,19.79,28.58,12.21,43.31,67.13,21.32,5.936,9.59,3.389,0,21.746,42915,110.4,1018,1.634,1.308,216.2,35.17,8.82,8.47,10.21,7.01,12.92,4970
102,2017,102,2400,12.7,19.2,5.134,74.3,98,52.34,8.1,12.86,-.569,5.334,7.225,14730,6.218,1021,1.523,1.035,278.4,45.28,10.39,9.44,9.88,9.02,13.13,4970
102,2017,103,2400,6.633,13.03,2.677,56.93,81.9,31.85,-1.708,.548,-5.192,0,18.724,36371,87.6,1024,1.971,1.343,304.2,45.46,9.7,8.62,9.46,7.78,13.17,4970
102,2017,104,2400,8.15,16.08,.875,38.04,70.4,14.77,-6.744,-1.622,-12.47,0,25.238,48030,114.9,1028,1.272,.63,346.5,56.87,8.53,8.5,9.78,7.24,13.08,4970
102,2017,105,2400,10.51,18.24,1.777,53.05,95.8,25.31,.038,9.86,-6.622,0,21.932,42665,109,1023,2.505,1.969,208.4,36.97,12.35,8.72,9.86,7.48,13.07,4970
102,2017,106,2400,18.36,28,10.28,68.11,99.3,26.62,10.56,15.29,5.979,.254,19.63,39051,100.8,1010,2.496,2.103,241.3,32.11,13.52,10.26,11.66,9.04,12.95,4970
102,2017,107,2400,14.53,19.49,5.401,56.13,98.1,26.8,4.634,13.33,-2.159,0,20.645,40260,98.7,1013,2.207,1.848,275.1,32.37,12.25,11.29,12.17,10.47,13.06,4970
102,2017,108,2400,6.88,14.54,1.743,54.59,77.3,23.57,-2.491,.086,-6.65,0,25.887,49895,130.9,1028,1.843,.556,64.3,66.64,10.09,10.69,11.7,9.55,13.1,4970
102,2017,109,2400,5.097,10.7,.775,73.8,99.4,45.77,.396,4.53,-2.165,1.524,15.182,30474,71.8,1029,2.598,2.085,183.2,35.91,10.98,10.16,10.85,9.49,13.2,4970
102,2017,110,2400,9.56,16.91,4.367,82,100,50.34,6.245,10.17,4.256,1.016,14.588,29199,86.7,1019,1.996,.753,97.2,63.59,9.7,10.24,11.34,9.31,13.1,4970
102,2017,111,2400,5.819,7.42,4.233,97.9,99.3,95.9,5.522,7.04,4.115,10.41,4.3456,8785.9,13.79,1017,2.298,1.971,89,30.46,8.53,10.01,10.91,9.56,13.4,4970
102,2017,112,2400,5.976,10.34,3.432,91.6,99.5,73.6,4.645,6.745,3.318,0,7.3595,14812,25.85,1014,1.262,.726,38.4,50.86,6.664,9.42,9.92,8.99,13.28,4970
102,2017,113,2400,10.2,19.49,.541,59.42,100,21.33,.949,4.729,-4.173,0,26.704,50865,133.6,1017,1.299,.549,253.4,59.76,7.25,9.91,11.45,8.52,13.03,4970
102,2017,114,2400,13.27,22.24,2.678,51.54,96.6,14.29,1.55,6.659,-6.681,0,21.92,42093,102,1021,1.133,.618,194,53.2,6.762,10.66,11.88,9.44,13,4970
102,2017,115,2400,7.79,10.46,5.969,86.5,99.2,53.06,5.474,7.37,.566,6.858,6.3081,13549,22.83,1021,3.07,2.77,74.2,25.33,11.76,10.68,11.39,10.24,13.34,4970
102,2017,116,2400,10.43,14.23,6.102,98.1,100,91.8,10.14,13.25,5.974,5.588,8.956,18514,49.03,1011,2.463,2.172,64.2,27.43,10,10.36,11.11,9.73,13.22,4970
102,2017,117,2400,14.42,18.93,10.71,90.2,100,68.87,12.73,14.46,10.72,.254,10.877,22344,63.84,1013,1.222,.739,182.5,49.46,5.586,11.52,12.53,10.75,13.07,4970
102,2017,118,2400,18.3,26.83,13.54,72.8,100,21.49,12.03,17.69,2.65,.508,18.813,37855,113.3,1015,1.304,.699,232.6,53.5,7.06,13.06,14.48,12.09,12.96,4970
102,2017,119,2400,18.5,25.37,11.22,57.91,88.4,39.46,9.67,14.24,1.911,0,14.971,30422,85.9,1016,1.88,1.406,260,39.79,11.37,13.88,14.71,13.13,12.97,4970
102,2017,120,2400,9.17,13.61,5.235,65.23,96.8,32.22,2.45,9.34,-4.851,5.842,12.833,26003,57.59,1024,1.221,.039,31.98,78.1,7.64,13.12,14.12,12.56,13.12,4970
102,2017,121,2400,7.9,10.71,5.134,93.3,100,72.9,6.844,9.86,1.821,4.572,5.8771,12469,31.55,1014,2.114,1.55,113.1,41.72,8.53,12.26,12.84,11.95,13.29,4970
102,2017,122,2400,11.19,19.04,6.203,85,100,39.94,8.28,14.05,2.342,11.94,10.171,20826,46.83,1003,1.967,.412,281.9,71.1,11.86,11.91,12.64,11.35,13.13,4970
102,2017,123,2400,8.75,13.49,2.01,63.25,92.1,36.79,1.856,6.575,-1.855,0,16.155,32231,76,1012,2.338,1.862,276.3,36.21,15.39,11.89,12.48,11.29,13.16,4970
102,2017,124,2400,10.34,18.04,.578,43.87,87.7,14.5,-3.465,1.986,-10.26,0,25.011,48249,137.3,1023,1.589,.852,167.9,54.46,8.13,11.52,12.64,10.33,13.06,4970
102,2017,125,2400,7.14,8.16,5.097,89.2,99.9,49.72,5.226,8.14,-2.539,19.56,3.014,7035.8,3.613,1013,2.897,2.45,88.2,31.8,13.82,11.38,12.27,10.85,13.38,4970
102,2017,126,2400,13.59,18.92,7.99,82.9,100,41.81,10.27,15.77,4.997,7.11,13.159,26476,66.15,1000,3.499,2.784,147,36.59,14.9,11.39,12.34,10.73,13.12,4970
102,2017,127,2400,10.03,15.84,2.497,77,97,37.87,5.635,10.36,.762,.762,16.993,33574,94.1,1003,2.295,1.853,214.3,35.43,10.88,12.27,13.09,11.6,13.12,4970
102,2017,128,2400,4.892,8.51,2.105,71.7,98.4,43.45,-.134,2.558,-3.681,0,11.302,22137,52.17,1010,1.613,1.358,269.3,31.48,9.8,11.8,12.67,11.34,13.3,4970
102,2017,129,2400,6.073,10.24,.107,60.66,94,36.76,-1.5,1.438,-4.567,0,13.466,26427,67.84,1015,.984,.629,288.9,45.96,6.076,10.91,11.4,10.36,13.18,4970
102,2017,130,2400,7.65,12.19,2.931,59.7,81,34.16,-.06,2.308,-4.2,0,12.59,25090,65.14,1016,1.04,.725,312.2,42.52,7.25,10.69,11.23,10.14,13.18,4970
102,2017,131,2400,9.5,16.61,3.899,62.84,94.8,32.31,2.267,5.624,-.706,0,15.596,30791,78.2,1016,1.318,.644,71.1,56.51,6.272,10.9,11.74,10.15,13.11,4970
102,2017,132,2400,9.89,15.84,3.832,75.2,97.3,48.24,5.354,8.78,3.251,0,18.195,35771,102,1017,1.266,.745,83.1,51.06,7.55,11.44,12.45,10.67,13.07,4970
102,2017,133,2400,7.91,11.38,3.465,88.2,98.4,69.19,5.975,7.91,3.184,17.02,10.213,20893,54.58,1014,1.4,.895,99,46.91,7.74,11.68,12.09,11.22,13.23,4970
102,2017,134,2400,5.752,9.62,1.662,96.7,99.6,89.2,5.269,8.47,1.563,27.43,8.531,17055,30.21,1004,1.444,.995,338.1,44.52,9.11,10.3,11.61,9.61,13.34,4970
102,2017,135,2400,9.91,15.23,5.935,83.4,99.6,53.53,6.879,9.9,4.96,10.41,8.6476,17547,37.23,1003,1.556,1.177,308.8,39.07,11.96,10.63,11.22,10.18,13.22,4970
102,2017,136,2400,15.96,24.57,7.03,58.24,96.9,23.23,6.455,11.12,1.073,0,25.548,50242,149.6,1014,1.197,.717,302.5,49.53,8.33,11.54,13.17,10.25,12.98,4970
102,2017,137,2400,22.36,32.31,10.75,51.49,88.8,20.32,10.48,16.2,5.733,0,27.273,53774,169.6,1015,1.417,.832,234.2,50.73,9.9,13.5,15.23,12.16,12.9,4970
102,2017,138,2400,25.18,33.01,17,56.07,99.3,20.35,13.76,18.62,6.456,13.72,26.894,52529,165.1,1012,1.562,1.035,236.8,44.91,11.17,15.42,16.84,14.2,12.9,4970
102,2017,139,2400,20.15,28.07,9.66,67.79,98.9,36.15,13.26,19.87,4.531,0,24.6,48947,143.5,1013,1.588,1.007,288.9,47.76,11.56,16.66,17.68,15.72,12.95,4970
102,2017,140,2400,14.17,20.99,8.29,41.32,77,17.4,.098,6.28,-5.647,0,29.362,55937,165.8,1024,1.213,.6,349.6,56.25,7.64,16.29,17.07,15.42,13.01,4970
102,2017,141,2400,13.69,19.96,5.735,47.44,79,32.78,2.414,8.96,-1.846,.254,23.218,45110,128.1,1026,1.565,.614,144.8,62.51,7.55,15.39,16.24,14.52,13.02,4970
102,2017,142,2400,9.02,10.46,6.59,89.7,100,53.3,7.32,10.07,1.176,9.14,4.5552,9517.7,-1.584,1019,1.323,1.083,155.2,33.57,6.272,14.7,15.68,14.15,13.31,4970
102,2017,143,2400,13.48,18.74,8.76,79.3,100,49.81,9.49,12.81,6.053,.254,18.465,35106,93.4,1012,.804,.357,328.7,57.51,5.39,14.39,15.15,13.72,13.07,4970
102,2017,144,2400,15.04,21.02,10.36,70.4,95.7,42.49,9.18,11.79,7.18,0,17.054,33317,91.9,1010,1.486,1.166,87.2,37.48,5.978,14.78,15.56,14.15,13.01,4970
102,2017,145,2400,10.12,11.81,8.16,93.8,98.7,85.8,9.17,10.54,7.93,5.08,7.2472,14739,16.99,1008,3.312,2.936,75.9,27.29,13.62,14.27,15.13,13.73,13.3,4970
102,2017,146,2400,10.19,13.21,7.82,98.4,100,92.6,9.96,13.14,7.61,38.35,5.6652,11387,17.53,1003,1.194,.384,359.9,64.28,11.86,13.03,13.8,12.5,13.25,4970
102,2017,147,2400,14.36,21.02,9.09,77.9,100,44.96,10.09,13.54,7.01,0,18.347,36334,120.1,1012,.712,.33,301.9,54.17,5.586,13.93,15.24,12.93,13.02,4970
102,2017,148,2400,15.44,20.46,10.45,83.6,99.4,54.39,12.5,15.01,8.32,.508,11.658,22571,60.89,1015,.99,.742,171.1,38.39,5.292,15.12,15.83,14.43,13.02,4970
102,2017,149,2400,9.61,12.41,7.66,94.9,100,83.5,8.83,10.53,7.66,4.572,7.4243,15068,25.81,1017,1.581,1.346,94.6,31.04,6.958,14.66,15.49,14.37,13.26,4970
102,2017,150,2400,11.46,15.23,7.62,95,100,81.4,10.67,13.21,7.63,0,7.449,14352,36.62,1021,1.484,1.157,163.8,37.75,5.586,14.29,14.71,13.83,13.19,4970
102,2017,151,2400,14.24,22.26,11.01,94.5,100,64.38,13.26,17.95,11.02,12.7,14.034,26711,65.1,1017,1.274,.823,197.2,47.31,9.02,14.77,15.96,14.06,13,4970
102,2017,152,2400,16.08,22.26,9.72,68.02,100,30.06,9.17,15.26,2.26,.254,27.359,53374,161.9,1013,1.298,.84,262.4,46.2,7.94,15.69,17.17,14.35,13,4970
102,2017,153,2400,13.38,18.98,7.24,52.69,78.8,30.91,3.46,7.92,.095,0,21.714,41972,111.3,1014,1.441,.989,265.1,44.02,10.88,15.77,16.45,14.83,13.06,4970
102,2017,154,2400,12.57,19.14,5.502,65.32,95.2,36.51,5.643,9.55,3.444,0,18.493,35771,95.9,1013,1.089,.514,314.1,57.3,8.13,15.17,15.95,14.24,13.06,4970
102,2017,155,2400,13.48,20.19,7.37,80.7,100,40.03,9.67,13.46,5.777,3.302,16.196,31484,78.7,1015,1.021,.339,192.5,64.62,5.096,15.16,15.87,14.23,12.98,4970
102,2017,156,2400,11.26,13.14,9.22,99.2,100,92.9,11.15,12.56,9.23,38.61,6.0932,11905,23.1,1010,2.438,2.097,81.4,30.17,11.47,15.02,15.53,14.43,13.22,4970
102,2017,157,2400,7.81,9.49,7.19,99.3,100,96.2,7.71,9.5,6.932,39.37,3.7878,8037.6,9.16,1011,2.009,1.479,61.58,40.68,14.11,13.61,14.49,13.06,13.36,4970
102,2017,158,2400,13.77,23.34,7.49,75.5,100,30.72,8.45,12.84,3.669,.254,26.917,52780,166.4,1015,1.223,.673,13.83,53.61,6.762,14.09,15.88,12.81,12.98,4970
102,2017,159,2400,16.9,24.97,9.26,60.58,98.5,27.39,7.94,15.3,2.155,0,22.352,43060,125,1015,.999,.52,111.7,54.02,5.782,15.49,16.66,14.29,12.93,4970
102,2017,160,2400,16.5,23.09,7.89,61.14,81.5,41.84,8.75,15.26,3.221,0,20.323,39565,103.3,1007,.927,.33,281.1,62.83,7.25,15.97,16.9,15.03,12.97,4970
102,2017,161,2400,20.72,27.07,11.92,57.98,84.4,36.25,11.66,15.55,8.04,0,25.504,50647,156.7,1015,1.29,.768,218.7,50.02,7.55,16.73,18.27,15.34,12.93,4970
102,2017,162,2400,23.92,31.61,16.86,60.76,86.5,27.14,15.17,19.63,10.23,0,26.058,51419,159.3,1017,1.23,.916,238.7,39.19,9.9,18.22,19.77,16.9,12.91,4970
102,2017,163,2400,25.98,33.03,19.4,56.58,81.6,27.34,15.91,19.14,11.35,0,28.723,57234,190.6,1016,.838,.449,258.5,49.47,7.74,19.6,21.29,18.13,12.89,4970
102,2017,164,2400,24.96,31.54,19.2,64.54,87.6,36.27,17.39,22.14,10.43,0,25.185,50979,165.9,1014,.924,.483,274.4,51.32,8.23,20.61,21.97,19.3,12.9,4970
102,2017,165,2400,19.49,25.77,12.74,44.47,74.7,18.19,6.082,11.92,-1.507,0,29.72,57594,175.4,1016,1.161,.633,345.7,53.06,7.25,20.74,21.79,19.64,12.96,4970
102,2017,166,2400,17,23.3,9.16,55.49,86.9,37.02,7.55,12.68,3.266,0,25.471,50712,161,1018,1.612,1.103,188.9,45.16,8.04,19.71,20.68,18.53,12.98,4970
102,2017,167,2400,15.42,19.74,13.44,83.6,100,48.86,12.46,15.38,4.145,3.302,9.4158,18663,42.04,1017,1.944,1.509,148.1,38.11,8.62,19.16,19.97,18.75,13.1,4970
102,2017,168,2400,17.8,23.02,13.44,95.8,100,80.3,17.1,20.25,13.46,0,9.9029,19866,53.06,1016,1.315,.51,147.6,62.95,6.37,18.72,19.45,18.16,13.04,4970
102,2017,169,2400,22.55,27.74,19.14,88.5,100,63.38,20.39,22.86,19.16,.254,18.14,37290,125.6,1012,2.059,1.728,200.4,32.34,10.29,19.87,21.24,18.89,12.94,4970
102,2017,170,2400,22.28,28.9,18.49,93.1,100,59.47,21,23.72,18.29,12.45,10.285,20995,71.2,1011,2.33,1.965,199.6,31.97,11.96,20.75,21.46,20.18,12.97,4970
102,2017,171,2400,20.67,26.37,15.04,79.1,100,38.62,16.35,20.27,10.59,1.778,20.853,41860,137.9,1013,1.591,1.082,234.8,45.04,11.86,21.05,22.13,20.21,12.97,4970
102,2017,172,2400,19.12,24.67,13.81,64.63,95.3,37.88,11.65,15.62,8.17,0,25.669,50880,159.4,1014,1.262,.734,266.4,50.07,8.43,20.76,21.79,19.73,12.97,4970
102,2017,173,2400,19.84,26.47,11.39,62.41,92.4,34.08,11.83,15.8,7.09,0,27.902,55532,182.6,1016,1.064,.425,259.1,60.5,6.468,20.37,21.6,19.03,12.95,4970
102,2017,174,2400,23.13,29.58,18.36,76.9,96.5,40.23,18.45,21.83,14,0,18.863,38181,129.6,1008,1.725,1.427,204.6,32.94,9.31,21.13,22.25,20.09,12.91,4970
102,2017,175,2400,22.21,26.64,17.7,76.9,100,45.18,17.45,22.12,10.95,2.54,19.571,39247,124.2,1006,1.431,1.056,252.6,40.74,8.82,21.84,22.86,21.11,12.97,4970
102,2017,176,2400,19.04,24.77,12.94,69.08,100,34.79,12.59,15.99,7.81,1.524,22.562,44987,134.6,1015,1.015,.479,247.7,56.71,7.25,21.26,21.99,20.27,12.95,4970
102,2017,177,2400,16.23,23.12,10.09,77.3,100,39.79,11.58,14.44,7.37,2.286,22.489,44179,133.7,1016,.985,.384,266.2,59.56,6.958,20.58,21.5,19.44,13,4970
102,2017,178,2400,14.64,21.62,9.09,85.6,100,52.22,11.92,16.02,9.1,1.27,17.859,35669,92.2,1016,1.196,.391,203,65.42,11.56,20.05,20.85,19.21,13.05,4970
102,2017,179,2400,15.7,22.86,8.82,71.2,100,35.36,9.64,13.43,5.929,.254,24.838,48785,150.4,1018,1.141,.524,281.2,56.76,8.92,19.42,20.6,18.17,13,4970
102,2017,180,2400,18.79,22.82,12.74,71.9,87.7,54.09,13.51,16.36,9.76,0,12.944,25081,67.43,1019,1.457,1.164,198.6,35.21,8.62,19.37,20.04,18.62,13.02,4970
102,2017,181,2400,21.41,27.65,18.06,86,100,59.53,18.8,21.89,16.09,20.07,15.466,31446,98,1016,1.628,1.282,209.9,36.84,9.6,19.97,21.24,18.98,12.95,4970
102,2017,182,2400,22.82,28.1,19.41,89.6,100,61.94,20.83,22.89,19.32,.508,17.316,35449,121.2,1015,1.811,1.522,200.4,32.02,10.88,21.32,22.41,20.34,12.95,4970
102,2017,183,2400,22.82,28.33,18.45,74.9,100,38.7,17.39,21.08,11.39,.254,26.473,53212,180.9,1015,1.131,.661,257.4,49.78,9.02,22.2,23.43,21.17,12.93,4970
102,2017,184,2400,21.04,26.3,15.95,68.51,100,33.48,14.11,19.25,8.8,0,28.336,56357,181.4,1016,1.2,.661,272.9,52.27,8.33,22.3,23.45,21.2,12.95,4970
102,2017,185,2400,19.79,26.4,13.38,61.34,94,29.12,11.45,15.53,6.501,0,25.614,51005,160.3,1020,.953,.485,11.86,55.46,5.194,21.65,22.59,20.57,12.94,4970
102,2017,186,2400,20.98,27.08,14.25,54.93,75.8,29.12,10.85,14.55,5.842,0,28.349,55969,178.5,1024,1.208,.658,128.5,52.64,5.684,21.28,22.44,20.08,12.92,4970
102,2017,187,2400,19.97,26.07,15.11,62.29,84.1,39.53,12.2,15.76,9.05,0,21.788,43561,135.9,1020,1.455,1.178,205.7,34.9,7.25,21.29,22.22,20.28,12.95,4970
102,2017,188,2400,17.28,20.34,15.23,90.2,100,67.9,15.6,18.83,10.74,9.65,6.8348,14031,22.39,1011,.889,.519,81.3,50.44,5.684,20.66,21.47,20.31,13.13,4970
102,2017,189,2400,19.75,26.63,15.83,91.5,100,61.87,18.17,21.71,15.84,19.3,18.932,38558,122.4,1008,.907,.536,222,48.53,7.94,20.9,22.03,19.85,12.95,4970
102,2017,190,2400,19.17,25.2,13.01,71.1,100,33.52,13,16.6,6.578,.254,26.672,53049,159.8,1015,.936,.519,264.5,51.25,6.762,21.1,22.16,20,12.96,4970
102,2017,191,2400,21.41,27.7,14.15,63,94.4,33.28,13.53,17.07,8.66,0,23.758,47389,152.1,1017,1.36,.964,209.2,42.62,8.53,21.17,22.25,20.09,12.94,4970
102,2017,192,2400,21.31,26.83,18.06,89.2,100,59.77,19.28,21.69,16.62,6.35,14.327,28631,82.6,1016,.995,.5,208.5,55.41,6.272,21.63,22.41,20.98,12.98,4970
102,2017,193,2400,22.23,29.21,18.13,91.6,100,56.49,20.64,24.04,18.14,2.032,14.579,29627,78.4,1016,.511,.076,171.6,65.22,4.704,21.9,22.98,20.91,12.92,4970
102,2017,194,2400,16.26,20.18,12.28,99.3,100,92.3,16.16,20.19,12.29,2.286,6.8999,14299,42.53,1018,1.648,1.369,80.8,32.26,7.55,21.6,22.46,20.67,13.14,4970
102,2017,195,2400,14.55,16.69,12.28,98,100,92.8,14.24,15.85,12.29,2.286,5.0655,10454,24.35,1019,.972,.687,117.2,42.4,4.606,20.02,20.73,19.7,13.18,4970
102,2017,196,2400,19.77,26.6,15.1,85.7,100,47.64,16.97,20.68,14.08,.254,16.504,33241,107.7,1015,.772,.402,242.2,52.76,5.292,20.38,21.82,19.31,12.95,4970
102,2017,197,2400,18.96,19.36,18.5,88.1,91.3,81.9,16.97,17.7,15.92,0,0,0,-33.94,1018,.758,.701,62.6,21.94,1.47,22.5,22.75,22.24,13.15,4970
102,2017,198,2400,22.81,28.62,17.26,77.4,100,41.33,18.17,20.74,13.28,0,20.434,41616,131.7,1020,1.005,.632,176.2,46.39,6.272,22.27,23.56,20.97,12.91,4970
102,2017,199,2400,23.24,29.18,18.56,84.7,100,54.89,20.27,22.25,18.08,0,19.441,39114,133.9,1019,.966,.678,210,41.81,6.272,22.84,24.21,21.66,12.91,4970
102,2017,200,2400,23.66,30.01,19.53,77.2,100,36.17,18.82,23.8,13.04,0,20.478,40739,137.3,1017,.808,.388,226.3,53.99,6.664,23.28,24.59,22.15,12.92,4970
102,2017,201,2400,23.51,29.68,18.6,73.5,92.6,48.33,18.26,21.99,14.48,0,18.598,37008,116.3,1015,.747,.111,306.5,70,6.272,23.19,24.25,22.06,12.91,4970
102,2017,202,2400,23,29.81,16.93,62.44,84.6,36.7,15.08,19.75,12.47,0,26.217,52065,164.5,1013,1.004,.519,273.7,54.14,8.23,23.09,24.53,21.68,12.91,4970
102,2017,203,2400,21.26,25.8,17.63,76.7,93.2,53.64,16.87,20.34,13.79,0,11.576,22533,61.22,1012,.515,.061,311.7,71,2.94,22.49,23.33,21.74,12.97,4970
102,2017,204,2400,19.45,22.96,15.99,65.45,93.3,46.18,12.58,17.34,9.24,0,21.326,42661,134,1012,1.793,1.498,84.2,32.34,8.53,22.16,23.01,21.21,12.98,4970
